{"color":"#228b22","datetime":[],"duration":["1","00"],"id":"HistoireduXIXesiècle:L’EuropedesrévolutionsCoursMagistralccc1200AmphiBerr","index":0,"is_displayed":false,"is_obligatory":true,"lesson":"Histoire du XIXe siècle : L’Europe des révolutions","lesson_code":"L1/ L2HI0144","position":"Vector2( 2, 10 )","rating":0,"room":"Amphi Berr","save_date":{"created":{"day":14,"dst":false,"hour":16,"minute":43,"month":11,"second":1,"weekday":0,"year":2021},"edited":"","saved":""},"schedule":[2,"Mercredi","12","00"],"size":2,"subject":"Histoire Contemporaine","teacher":"Hême de Lacotte/ Yves Bouvier","type":"Cours Magistral","version":0.32}
{"color":"#85c533","datetime":[],"duration":["1","00"],"id":"HistoireduXIXesiècle:L’EuropedesrévolutionsCoursMagistralddd1400AmphiChaunu","index":1,"is_displayed":false,"is_obligatory":true,"lesson":"Histoire du XIXe siècle : L’Europe des révolutions","lesson_code":"L1HI0141","position":"Vector2( 3, 14 )","rating":0,"room":"Amphi Chaunu","save_date":{"created":{"day":14,"dst":false,"hour":16,"minute":39,"month":11,"second":22,"weekday":0,"year":2021},"edited":"","saved":""},"schedule":[3,"Jeudi","14","00"],"size":2,"subject":"Histoire Contemporaine","teacher":"Anceau","type":"Cours Magistral","version":0.32}
{"color":"#85c533","datetime":[],"duration":["1","30"],"id":"HistoireduXIXesiècle:L’EuropedesrévolutionsTravauxDirigésaaa0900322","index":0,"is_displayed":false,"is_obligatory":false,"lesson":"Histoire du XIXe siècle : L’Europe des révolutions","lesson_code":"L1HI0141","position":"Vector2( 0, 4 )","rating":0,"room":"322","save_date":{"created":{"day":14,"dst":false,"hour":16,"minute":39,"month":11,"second":54,"weekday":0,"year":2021},"edited":"","saved":""},"schedule":[0,"Lundi","09","00"],"size":3,"subject":"Histoire Contemporaine","teacher":"Porcher","type":"Travaux Dirigés","version":0.32}
{"color":"#85c533","datetime":[],"duration":["1","30"],"id":"HistoireduXIXesiècle:L’EuropedesrévolutionsTravauxDirigésaaa1030322","index":1,"is_displayed":false,"is_obligatory":false,"lesson":"Histoire du XIXe siècle : L’Europe des révolutions","lesson_code":"L1HI0141","position":"Vector2( 0, 7 )","rating":0,"room":"322","save_date":{"created":{"day":14,"dst":false,"hour":16,"minute":40,"month":11,"second":2,"weekday":0,"year":2021},"edited":"","saved":""},"schedule":[0,"Lundi","10","30"],"size":3,"subject":"Histoire Contemporaine","teacher":"Porcher","type":"Travaux Dirigés","version":0.32}
{"color":"#85c533","datetime":[],"duration":["1","30"],"id":"HistoireduXIXesiècle:L’EuropedesrévolutionsTravauxDirigésaaa1400318","index":2,"is_displayed":false,"is_obligatory":false,"lesson":"Histoire du XIXe siècle : L’Europe des révolutions","lesson_code":"L1HI0141","position":"Vector2( 0, 14 )","rating":0,"room":"318","save_date":{"created":{"day":14,"dst":false,"hour":16,"minute":40,"month":11,"second":24,"weekday":0,"year":2021},"edited":"","saved":""},"schedule":[0,"Lundi","14","00"],"size":3,"subject":"Histoire Contemporaine","teacher":"Figeac","type":"Travaux Dirigés","version":0.32}
{"color":"#85c533","datetime":[],"duration":["1","30"],"id":"HistoireduXIXesiècle:L’EuropedesrévolutionsTravauxDirigésaaa1530318","index":3,"is_displayed":false,"is_obligatory":false,"lesson":"Histoire du XIXe siècle : L’Europe des révolutions","lesson_code":"L1HI0141","position":"Vector2( 0, 17 )","rating":0,"room":"318","save_date":{"created":{"day":14,"dst":false,"hour":16,"minute":40,"month":11,"second":32,"weekday":0,"year":2021},"edited":"","saved":""},"schedule":[0,"Lundi","15","30"],"size":3,"subject":"Histoire Contemporaine","teacher":"Figeac","type":"Travaux Dirigés","version":0.32}
{"color":"#85c533","datetime":[],"duration":["1","30"],"id":"HistoireduXIXesiècle:L’EuropedesrévolutionsTravauxDirigésbbb0830320","index":4,"is_displayed":false,"is_obligatory":false,"lesson":"Histoire du XIXe siècle : L’Europe des révolutions","lesson_code":"L1HI0141","position":"Vector2( 1, 3 )","rating":0,"room":"320","save_date":{"created":{"day":14,"dst":false,"hour":16,"minute":41,"month":11,"second":6,"weekday":0,"year":2021},"edited":"","saved":""},"schedule":[1,"Mardi","08","30"],"size":3,"subject":"Histoire Contemporaine","teacher":"Marine-Gougeon","type":"Travaux Dirigés","version":0.32}
{"color":"#85c533","datetime":[],"duration":["1","30"],"id":"HistoireduXIXesiècle:L’EuropedesrévolutionsTravauxDirigésbbb0930324","index":5,"is_displayed":false,"is_obligatory":false,"lesson":"Histoire du XIXe siècle : L’Europe des révolutions","lesson_code":"L1HI0141","position":"Vector2( 1, 5 )","rating":0,"room":"324","save_date":{"created":{"day":14,"dst":false,"hour":16,"minute":41,"month":11,"second":24,"weekday":0,"year":2021},"edited":"","saved":""},"schedule":[1,"Mardi","09","30"],"size":3,"subject":"Histoire Contemporaine","teacher":"Lebras","type":"Travaux Dirigés","version":0.32}
{"color":"#228b22","datetime":[],"duration":["1","30"],"id":"HistoireduXIXesiècle:L’EuropedesrévolutionsTravauxDirigésbbb1230317","index":6,"is_displayed":false,"is_obligatory":false,"lesson":"Histoire du XIXe siècle : L’Europe des révolutions","lesson_code":"L1/ L2HI0144","position":"Vector2( 1, 11 )","rating":0,"room":"317","save_date":{"created":{"day":14,"dst":false,"hour":16,"minute":43,"month":11,"second":56,"weekday":0,"year":2021},"edited":"","saved":""},"schedule":[1,"Mardi","12","30"],"size":3,"subject":"Histoire Contemporaine","teacher":"Vinot","type":"Travaux Dirigés","version":0.32}
{"color":"#228b22","datetime":[],"duration":["1","30"],"id":"HistoireduXIXesiècle:L’EuropedesrévolutionsTravauxDirigésccc1400324","index":7,"is_displayed":false,"is_obligatory":false,"lesson":"Histoire du XIXe siècle : L’Europe des révolutions","lesson_code":"L1/ L2HI0144","position":"Vector2( 2, 14 )","rating":0,"room":"324","save_date":{"created":{"day":14,"dst":false,"hour":16,"minute":44,"month":11,"second":19,"weekday":0,"year":2021},"edited":"","saved":""},"schedule":[2,"Mercredi","14","00"],"size":3,"subject":"Histoire Contemporaine","teacher":"Hême de Lacotte","type":"Travaux Dirigés","version":0.32}
{"color":"#228b22","datetime":[],"duration":["1","30"],"id":"HistoireduXIXesiècle:L’EuropedesrévolutionsTravauxDirigéseee0830320","index":8,"is_displayed":false,"is_obligatory":false,"lesson":"Histoire du XIXe siècle : L’Europe des révolutions","lesson_code":"L1/ L2HI0144","position":"Vector2( 4, 3 )","rating":0,"room":"320","save_date":{"created":{"day":14,"dst":false,"hour":16,"minute":44,"month":11,"second":49,"weekday":0,"year":2021},"edited":"","saved":""},"schedule":[4,"Vendredi","08","30"],"size":3,"subject":"Histoire Contemporaine","teacher":"Couderc","type":"Travaux Dirigés","version":0.32}
{"color":"#228b22","datetime":[],"duration":["1","30"],"id":"HistoireduXIXesiècle:L’EuropedesrévolutionsTravauxDirigéseee1330317","index":9,"is_displayed":false,"is_obligatory":false,"lesson":"Histoire du XIXe siècle : L’Europe des révolutions","lesson_code":"L1/ L2HI0144","position":"Vector2( 4, 13 )","rating":0,"room":"317","save_date":{"created":{"day":14,"dst":false,"hour":16,"minute":45,"month":11,"second":3,"weekday":0,"year":2021},"edited":"","saved":""},"schedule":[4,"Vendredi","13","30"],"size":3,"subject":"Histoire Contemporaine","teacher":"Couderc","type":"Travaux Dirigés","version":0.32}
