{"color":"#eb760c","datetime":[],"duration":["1","00"],"id":"LEuropebaroqueCoursMagistralbbb1400AmphiChaunu","index":0,"is_displayed":false,"is_obligatory":true,"lesson":"L'Europe baroque","lesson_code":"L1/ L2HI0131","position":"Vector2( 1, 14 )","rating":0,"room":"Amphi Chaunu","save_date":{"created":{"day":14,"dst":false,"hour":16,"minute":31,"month":11,"second":43,"weekday":0,"year":2021},"edited":"","saved":""},"schedule":[1,"Mardi","14","00"],"size":2,"subject":"Histoire Moderne","teacher":"TALLON","type":"Cours Magistral","version":0.32}
{"color":"#facf39","datetime":[],"duration":["1","00"],"id":"LEuropebaroqueCoursMagistralddd1500AmphiChaunu","index":0,"is_displayed":false,"is_obligatory":true,"lesson":"L'Europe baroque","lesson_code":"L1/ L2HI0132","position":"Vector2( 3, 16 )","rating":0,"room":"Amphi Chaunu","save_date":{"created":{"day":14,"dst":false,"hour":16,"minute":35,"month":11,"second":33,"weekday":0,"year":2021},"edited":"","saved":""},"schedule":[3,"Jeudi","15","00"],"size":2,"subject":"Histoire Moderne","teacher":"ABAD","type":"Cours Magistral","version":0.32}
{"color":"#eb760c","datetime":[],"duration":["1","00"],"id":"LEuropebaroqueTravauxDirigésaaa1100317","index":0,"is_displayed":false,"is_obligatory":false,"lesson":"L'Europe baroque","lesson_code":"L1/ L2HI0131","position":"Vector2( 0, 8 )","rating":0,"room":"317","save_date":{"created":{"day":14,"dst":false,"hour":16,"minute":32,"month":11,"second":17,"weekday":0,"year":2021},"edited":"","saved":""},"schedule":[0,"Lundi","11","00"],"size":2,"subject":"Histoire Moderne","teacher":"Haan","type":"Travaux Dirigés","version":0.32}
{"color":"#eb760c","datetime":[],"duration":["1","00"],"id":"LEuropebaroqueTravauxDirigésaaa1200322","index":0,"is_displayed":false,"is_obligatory":false,"lesson":"L'Europe baroque","lesson_code":"L1/ L2HI0131","position":"Vector2( 0, 10 )","rating":0,"room":"322","save_date":{"created":{"day":14,"dst":false,"hour":16,"minute":32,"month":11,"second":36,"weekday":0,"year":2021},"edited":"","saved":""},"schedule":[0,"Lundi","12","00"],"size":2,"subject":"Histoire Moderne","teacher":". Le Person","type":"Travaux Dirigés","version":0.32}
{"color":"#eb760c","datetime":[],"duration":["1","30"],"id":"LEuropebaroqueTravauxDirigésaaa1330322","index":0,"is_displayed":false,"is_obligatory":false,"lesson":"L'Europe baroque","lesson_code":"L1/ L2HI0131","position":"Vector2( 0, 13 )","rating":0,"room":"322","save_date":{"created":{"day":14,"dst":false,"hour":16,"minute":33,"month":11,"second":1,"weekday":0,"year":2021},"edited":"","saved":""},"schedule":[0,"Lundi","13","30"],"size":3,"subject":"Histoire Moderne","teacher":". Le Person","type":"Travaux Dirigés","version":0.32}
{"color":"#eb760c","datetime":[],"duration":["1","30"],"id":"LEuropebaroqueTravauxDirigésccc1100322","index":0,"is_displayed":false,"is_obligatory":false,"lesson":"L'Europe baroque","lesson_code":"L1/ L2HI0131","position":"Vector2( 2, 8 )","rating":0,"room":"322","save_date":{"created":{"day":14,"dst":false,"hour":16,"minute":33,"month":11,"second":22,"weekday":0,"year":2021},"edited":"","saved":""},"schedule":[2,"Mercredi","11","00"],"size":3,"subject":"Histoire Moderne","teacher":"Richard","type":"Travaux Dirigés","version":0.32}
{"color":"#eb760c","datetime":[],"duration":["1","30"],"id":"LEuropebaroqueTravauxDirigésccc1300317","index":0,"is_displayed":false,"is_obligatory":false,"lesson":"L'Europe baroque","lesson_code":"L1/ L2HI0131","position":"Vector2( 2, 12 )","rating":0,"room":"317","save_date":{"created":{"day":14,"dst":false,"hour":16,"minute":33,"month":11,"second":35,"weekday":0,"year":2021},"edited":"","saved":""},"schedule":[2,"Mercredi","13","00"],"size":3,"subject":"Histoire Moderne","teacher":"Richard","type":"Travaux Dirigés","version":0.32}
{"color":"#eb760c","datetime":[],"duration":["1","30"],"id":"LEuropebaroqueTravauxDirigésccc1430419","index":0,"is_displayed":false,"is_obligatory":false,"lesson":"L'Europe baroque","lesson_code":"L1/ L2HI0131","position":"Vector2( 2, 15 )","rating":0,"room":"419","save_date":{"created":{"day":14,"dst":false,"hour":16,"minute":33,"month":11,"second":54,"weekday":0,"year":2021},"edited":"","saved":""},"schedule":[2,"Mercredi","14","30"],"size":3,"subject":"Histoire Moderne","teacher":"Richard","type":"Travaux Dirigés","version":0.32}
{"color":"#eb760c","datetime":[],"duration":["1","30"],"id":"LEuropebaroqueTravauxDirigéseee1330322","index":0,"is_displayed":false,"is_obligatory":false,"lesson":"L'Europe baroque","lesson_code":"L1/ L2HI0131","position":"Vector2( 4, 13 )","rating":0,"room":"322","save_date":{"created":{"day":14,"dst":false,"hour":16,"minute":34,"month":11,"second":13,"weekday":0,"year":2021},"edited":"","saved":""},"schedule":[4,"Vendredi","13","30"],"size":3,"subject":"Histoire Moderne","teacher":"Latoch","type":"Travaux Dirigés","version":0.32}
{"color":"#eb760c","datetime":[],"duration":["1","30"],"id":"LEuropebaroqueTravauxDirigéseee1500322","index":0,"is_displayed":false,"is_obligatory":false,"lesson":"L'Europe baroque","lesson_code":"L1/ L2HI0131","position":"Vector2( 4, 16 )","rating":0,"room":"322","save_date":{"created":{"day":14,"dst":false,"hour":16,"minute":34,"month":11,"second":26,"weekday":0,"year":2021},"edited":"","saved":""},"schedule":[4,"Vendredi","15","00"],"size":3,"subject":"Histoire Moderne","teacher":"Latoch","type":"Travaux Dirigés","version":0.32}
{"color":"#facf39","datetime":[],"duration":["1","30"],"id":"LaFranceauXVIIIesiècleTravauxDirigésbbb1000318","index":0,"is_displayed":false,"is_obligatory":false,"lesson":"La France au XVIIIe siècle","lesson_code":"L1/ L2HI0132","position":"Vector2( 1, 6 )","rating":0,"room":"318","save_date":{"created":{"day":14,"dst":false,"hour":16,"minute":36,"month":11,"second":39,"weekday":0,"year":2021},"edited":"","saved":""},"schedule":[1,"Mardi","10","00"],"size":3,"subject":"Histoire Moderne","teacher":"Robin","type":"Travaux Dirigés","version":0.32}
{"color":"#facf39","datetime":[],"duration":["1","30"],"id":"LaFranceauXVIIIesiècleTravauxDirigésbbb1130318","index":0,"is_displayed":false,"is_obligatory":false,"lesson":"La France au XVIIIe siècle","lesson_code":"L1/ L2HI0132","position":"Vector2( 1, 9 )","rating":0,"room":"318","save_date":{"created":{"day":14,"dst":false,"hour":16,"minute":36,"month":11,"second":47,"weekday":0,"year":2021},"edited":"","saved":""},"schedule":[1,"Mardi","11","30"],"size":3,"subject":"Histoire Moderne","teacher":"Robin","type":"Travaux Dirigés","version":0.32}
{"color":"#facf39","datetime":[],"duration":["1","30"],"id":"LaFranceauXVIIIesiècleTravauxDirigésccc1330318","index":0,"is_displayed":false,"is_obligatory":false,"lesson":"La France au XVIIIe siècle","lesson_code":"L1/ L2HI0132","position":"Vector2( 2, 13 )","rating":0,"room":"318","save_date":{"created":{"day":14,"dst":false,"hour":16,"minute":37,"month":11,"second":10,"weekday":0,"year":2021},"edited":"","saved":""},"schedule":[2,"Mercredi","13","30"],"size":3,"subject":"Histoire Moderne","teacher":"Varenne","type":"Travaux Dirigés","version":0.32}
{"color":"#facf39","datetime":[],"duration":["1","30"],"id":"LaFranceauXVIIIesiècleTravauxDirigésccc1500318","index":0,"is_displayed":false,"is_obligatory":false,"lesson":"La France au XVIIIe siècle","lesson_code":"L1/ L2HI0132","position":"Vector2( 2, 16 )","rating":0,"room":"318","save_date":{"created":{"day":14,"dst":false,"hour":16,"minute":37,"month":11,"second":22,"weekday":0,"year":2021},"edited":"","saved":""},"schedule":[2,"Mercredi","15","00"],"size":3,"subject":"Histoire Moderne","teacher":"Varenne","type":"Travaux Dirigés","version":0.32}
{"color":"#facf39","datetime":[],"duration":["1","30"],"id":"LaFranceauXVIIIesiècleTravauxDirigéseee1200318","index":0,"is_displayed":false,"is_obligatory":false,"lesson":"La France au XVIIIe siècle","lesson_code":"L1/ L2HI0132","position":"Vector2( 4, 10 )","rating":0,"room":"318","save_date":{"created":{"day":14,"dst":false,"hour":16,"minute":37,"month":11,"second":37,"weekday":0,"year":2021},"edited":"","saved":""},"schedule":[4,"Vendredi","12","00"],"size":3,"subject":"Histoire Moderne","teacher":"Saux-Escoubet","type":"Travaux Dirigés","version":0.32}
