{"color":"#632e99","datetime":[],"duration":["1","00"],"id":"HistoiredelEgypteCoursMagistraleee1000AmphiGouhier","index":0,"is_displayed":false,"is_obligatory":true,"lesson":"Histoire de l'Egypte","lesson_code":"","position":"Vector2( 4, 6 )","rating":0,"room":"Amphi Gouhier","save_date":{"created":{"day":14,"dst":false,"hour":15,"minute":57,"month":11,"second":56,"weekday":0,"year":2021},"edited":"","saved":""},"schedule":[4,"Vendredi","10","00"],"size":2,"subject":"Histoire Ancienne","teacher":"Joubert","type":"Cours Magistral","version":0.32}
{"color":"#a83374","datetime":[],"duration":["1","00"],"id":"InitiationàlhistoiregrecqueCoursMagistralaaa1500AmphiChaunu","index":0,"is_displayed":false,"is_obligatory":true,"lesson":"Initiation à l'histoire grecque","lesson_code":"","position":"Vector2( 0, 16 )","rating":0,"room":"Amphi Chaunu","save_date":{"created":{"day":14,"dst":false,"hour":16,"minute":0,"month":11,"second":32,"weekday":0,"year":2021},"edited":"","saved":""},"schedule":[0,"Lundi","15","00"],"size":2,"subject":"Histoire Ancienne","teacher":"Lefevre","type":"Cours Magistral","version":0.32}
{"color":"#971818","datetime":[],"duration":["1","00"],"id":"InitiationàlhistoireromaineCoursMagistralbbb1000Chaunu","index":0,"is_displayed":false,"is_obligatory":true,"lesson":"Initiation à l'histoire romaine","lesson_code":"L1/ L2HI0112","position":"Vector2( 1, 6 )","rating":0,"room":"Chaunu","save_date":{"created":{"day":14,"dst":false,"hour":16,"minute":9,"month":11,"second":4,"weekday":0,"year":2021},"edited":"","saved":""},"schedule":[1,"Mardi","10","00"],"size":2,"subject":"Histoire Ancienne","teacher":"BOTHOREL","type":"Cours Magistral","version":0.32}
{"color":"#632e99","datetime":[],"duration":["1","30"],"id":"HistoiredelEgypteTravauxDirigésccc1500317","index":0,"is_displayed":false,"is_obligatory":false,"lesson":"Histoire de l'Egypte","lesson_code":"","position":"Vector2( 2, 16 )","rating":0,"room":"317","save_date":{"created":{"day":14,"dst":false,"hour":15,"minute":56,"month":11,"second":35,"weekday":0,"year":2021},"edited":"","saved":""},"schedule":[2,"Mercredi","15","00"],"size":3,"subject":"Histoire Ancienne","teacher":"Roussel","type":"Travaux Dirigés","version":0.32}
{"color":"#632e99","datetime":[],"duration":["1","30"],"id":"HistoiredelEgypteTravauxDirigéseee1100324","index":0,"is_displayed":false,"is_obligatory":false,"lesson":"Histoire de l'Egypte","lesson_code":"","position":"Vector2( 4, 8 )","rating":0,"room":"324","save_date":{"created":{"day":14,"dst":false,"hour":15,"minute":56,"month":11,"second":55,"weekday":0,"year":2021},"edited":"","saved":""},"schedule":[4,"Vendredi","11","00"],"size":3,"subject":"Histoire Ancienne","teacher":"Joubert","type":"Travaux Dirigés","version":0.32}
{"color":"#632e99","datetime":[],"duration":["1","30"],"id":"HistoiredelEgypteTravauxDirigéseee1230324","index":0,"is_displayed":false,"is_obligatory":false,"lesson":"Histoire de l'Egypte","lesson_code":"","position":"Vector2( 4, 11 )","rating":0,"room":"324","save_date":{"created":{"day":14,"dst":false,"hour":15,"minute":57,"month":11,"second":10,"weekday":0,"year":2021},"edited":"","saved":""},"schedule":[4,"Vendredi","12","30"],"size":3,"subject":"Histoire Ancienne","teacher":"Joubert","type":"Travaux Dirigés","version":0.32}
{"color":"#a83374","datetime":[],"duration":["1","30"],"id":"InitiationàlhistoiregrecqueTravauxDirigésaaa1030320","index":0,"is_displayed":false,"is_obligatory":false,"lesson":"Initiation à l'histoire grecque","lesson_code":"","position":"Vector2( 0, 7 )","rating":0,"room":"320","save_date":{"created":{"day":14,"dst":false,"hour":16,"minute":1,"month":11,"second":3,"weekday":0,"year":2021},"edited":"","saved":""},"schedule":[0,"Lundi","10","30"],"size":3,"subject":"Histoire Ancienne","teacher":"Escalé","type":"Travaux Dirigés","version":0.32}
{"color":"#a83374","datetime":[],"duration":["1","30"],"id":"InitiationàlhistoiregrecqueTravauxDirigésbbb0900322","index":0,"is_displayed":false,"is_obligatory":false,"lesson":"Initiation à l'histoire grecque","lesson_code":"","position":"Vector2( 1, 4 )","rating":0,"room":"322","save_date":{"created":{"day":14,"dst":false,"hour":16,"minute":1,"month":11,"second":34,"weekday":0,"year":2021},"edited":"","saved":""},"schedule":[1,"Mardi","09","00"],"size":3,"subject":"Histoire Ancienne","teacher":"Gregorczyk","type":"Travaux Dirigés","version":0.32}
{"color":"#a83374","datetime":[],"duration":["1","30"],"id":"InitiationàlhistoiregrecqueTravauxDirigésbbb1030321","index":0,"is_displayed":false,"is_obligatory":false,"lesson":"Initiation à l'histoire grecque","lesson_code":"","position":"Vector2( 1, 7 )","rating":0,"room":"321","save_date":{"created":{"day":14,"dst":false,"hour":16,"minute":1,"month":11,"second":59,"weekday":0,"year":2021},"edited":"","saved":""},"schedule":[1,"Mardi","10","30"],"size":3,"subject":"Histoire Ancienne","teacher":"Prêteux","type":"Travaux Dirigés","version":0.32}
{"color":"#a83374","datetime":[],"duration":["1","30"],"id":"InitiationàlhistoiregrecqueTravauxDirigésbbb1500321","index":0,"is_displayed":false,"is_obligatory":false,"lesson":"Initiation à l'histoire grecque","lesson_code":"","position":"Vector2( 1, 16 )","rating":0,"room":"321","save_date":{"created":{"day":14,"dst":false,"hour":16,"minute":2,"month":11,"second":29,"weekday":0,"year":2021},"edited":"","saved":""},"schedule":[1,"Mardi","15","00"],"size":3,"subject":"Histoire Ancienne","teacher":"Dhenain","type":"Travaux Dirigés","version":0.32}
{"color":"#a83374","datetime":[],"duration":["1","30"],"id":"InitiationàlhistoiregrecqueTravauxDirigésccc0900321","index":0,"is_displayed":false,"is_obligatory":false,"lesson":"Initiation à l'histoire grecque","lesson_code":"","position":"Vector2( 2, 4 )","rating":0,"room":"321","save_date":{"created":{"day":14,"dst":false,"hour":16,"minute":3,"month":11,"second":6,"weekday":0,"year":2021},"edited":"","saved":""},"schedule":[2,"Mercredi","09","00"],"size":3,"subject":"Histoire Ancienne","teacher":"Guieu-Coppolan","type":"Travaux Dirigés","version":0.32}
{"color":"#a83374","datetime":[],"duration":["1","30"],"id":"InitiationàlhistoiregrecqueTravauxDirigésccc1030321","index":0,"is_displayed":false,"is_obligatory":false,"lesson":"Initiation à l'histoire grecque","lesson_code":"","position":"Vector2( 2, 7 )","rating":0,"room":"321","save_date":{"created":{"day":14,"dst":false,"hour":16,"minute":3,"month":11,"second":29,"weekday":0,"year":2021},"edited":"","saved":""},"schedule":[2,"Mercredi","10","30"],"size":3,"subject":"Histoire Ancienne","teacher":"Guieu-Coppolan","type":"Travaux Dirigés","version":0.32}
{"color":"#a83374","datetime":[],"duration":["1","30"],"id":"InitiationàlhistoiregrecqueTravauxDirigésddd1030323","index":0,"is_displayed":false,"is_obligatory":false,"lesson":"Initiation à l'histoire grecque","lesson_code":"","position":"Vector2( 3, 7 )","rating":0,"room":"323","save_date":{"created":{"day":14,"dst":false,"hour":16,"minute":3,"month":11,"second":55,"weekday":0,"year":2021},"edited":"","saved":""},"schedule":[3,"Jeudi","10","30"],"size":3,"subject":"Histoire Ancienne","teacher":"Queyrel","type":"Travaux Dirigés","version":0.32}
{"color":"#a83374","datetime":[],"duration":["1","30"],"id":"InitiationàlhistoiregrecqueTravauxDirigésddd1200323","index":0,"is_displayed":false,"is_obligatory":false,"lesson":"Initiation à l'histoire grecque","lesson_code":"","position":"Vector2( 3, 10 )","rating":0,"room":"323","save_date":{"created":{"day":14,"dst":false,"hour":16,"minute":4,"month":11,"second":8,"weekday":0,"year":2021},"edited":"","saved":""},"schedule":[3,"Jeudi","12","00"],"size":3,"subject":"Histoire Ancienne","teacher":"Queyrel","type":"Travaux Dirigés","version":0.32}
{"color":"#a83374","datetime":[],"duration":["1","30"],"id":"InitiationàlhistoiregrecqueTravauxDirigéseee0930318","index":0,"is_displayed":false,"is_obligatory":false,"lesson":"Initiation à l'histoire grecque","lesson_code":"","position":"Vector2( 4, 5 )","rating":0,"room":"318","save_date":{"created":{"day":14,"dst":false,"hour":16,"minute":4,"month":11,"second":44,"weekday":0,"year":2021},"edited":"","saved":""},"schedule":[4,"Vendredi","09","30"],"size":3,"subject":"Histoire Ancienne","teacher":"Gregorczyk","type":"Travaux Dirigés","version":0.32}
{"color":"#a83374","datetime":[],"duration":["1","30"],"id":"InitiationàlhistoiregrecqueTravauxDirigéseee1100318","index":0,"is_displayed":false,"is_obligatory":false,"lesson":"Initiation à l'histoire grecque","lesson_code":"","position":"Vector2( 4, 8 )","rating":0,"room":"318","save_date":{"created":{"day":14,"dst":false,"hour":16,"minute":4,"month":11,"second":59,"weekday":0,"year":2021},"edited":"","saved":""},"schedule":[4,"Vendredi","11","00"],"size":3,"subject":"Histoire Ancienne","teacher":"Gregorczyk","type":"Travaux Dirigés","version":0.32}
{"color":"#a83374","datetime":[],"duration":["1","00"],"id":"HistoiredelEgypteTravauxDirigéseee1200318","index":0,"is_displayed":false,"is_obligatory":false,"lesson":"Histoire de l'Egypte","lesson_code":"","position":"Vector2( 4, 10 )","rating":0,"room":"318","save_date":{"created":{"day":14,"dst":false,"hour":16,"minute":5,"month":11,"second":13,"weekday":0,"year":2021},"edited":"","saved":""},"schedule":[4,"Vendredi","12","00"],"size":2,"subject":"Histoire Ancienne","teacher":"Couvenhes","type":"Travaux Dirigés","version":0.32}
{"color":"#a83374","datetime":[],"duration":["1","30"],"id":"InitiationàlhistoiregrecqueTravauxDirigéseee1330321","index":0,"is_displayed":false,"is_obligatory":false,"lesson":"Initiation à l'histoire grecque","lesson_code":"","position":"Vector2( 4, 13 )","rating":0,"room":"321","save_date":{"created":{"day":14,"dst":false,"hour":16,"minute":6,"month":11,"second":26,"weekday":0,"year":2021},"edited":"","saved":""},"schedule":[4,"Vendredi","13","30"],"size":3,"subject":"Histoire Ancienne","teacher":"Gregorczyk","type":"Travaux Dirigés","version":0.32}
{"color":"#a83374","datetime":[],"duration":["1","30"],"id":"InitiationàlhistoiregrecqueTravauxDirigéseee1630318","index":0,"is_displayed":false,"is_obligatory":false,"lesson":"Initiation à l'histoire grecque","lesson_code":"","position":"Vector2( 4, 19 )","rating":0,"room":"318","save_date":{"created":{"day":14,"dst":false,"hour":16,"minute":6,"month":11,"second":43,"weekday":0,"year":2021},"edited":"","saved":""},"schedule":[4,"Vendredi","16","30"],"size":3,"subject":"Histoire Ancienne","teacher":"Couvenhes","type":"Travaux Dirigés","version":0.32}
{"color":"#971818","datetime":[],"duration":["1","30"],"id":"InitiationàlhistoireromaineTravauxDirigésaaa1300315","index":0,"is_displayed":false,"is_obligatory":false,"lesson":"Initiation à l'histoire romaine","lesson_code":"L1/ L2HI0112","position":"Vector2( 0, 12 )","rating":0,"room":"315","save_date":{"created":{"day":14,"dst":false,"hour":16,"minute":10,"month":11,"second":38,"weekday":0,"year":2021},"edited":"","saved":""},"schedule":[0,"Lundi","13","00"],"size":3,"subject":"Histoire Ancienne","teacher":"Bothorel","type":"Travaux Dirigés","version":0.32}
{"color":"#971818","datetime":[],"duration":["1","30"],"id":"InitiationàlhistoireromaineTravauxDirigésaaa1430315","index":0,"is_displayed":false,"is_obligatory":false,"lesson":"Initiation à l'histoire romaine","lesson_code":"L1/ L2HI0112","position":"Vector2( 0, 15 )","rating":0,"room":"315","save_date":{"created":{"day":14,"dst":false,"hour":16,"minute":12,"month":11,"second":6,"weekday":0,"year":2021},"edited":"","saved":""},"schedule":[0,"Lundi","14","30"],"size":3,"subject":"Histoire Ancienne","teacher":"Bothorel","type":"Travaux Dirigés","version":0.32}
{"color":"#971818","datetime":[],"duration":["1","30"],"id":"InitiationàlhistoireromaineTravauxDirigésaaa1600315","index":0,"is_displayed":false,"is_obligatory":false,"lesson":"Initiation à l'histoire romaine","lesson_code":"L1/ L2HI0112","position":"Vector2( 0, 18 )","rating":0,"room":"315","save_date":{"created":{"day":14,"dst":false,"hour":16,"minute":12,"month":11,"second":18,"weekday":0,"year":2021},"edited":"","saved":""},"schedule":[0,"Lundi","16","00"],"size":3,"subject":"Histoire Ancienne","teacher":"Bothorel","type":"Travaux Dirigés","version":0.32}
{"color":"#971818","datetime":[],"duration":["1","30"],"id":"InitiationàlhistoireromaineTravauxDirigésbbb1400309","index":0,"is_displayed":false,"is_obligatory":false,"lesson":"Initiation à l'histoire romaine","lesson_code":"L1/ L2HI0112","position":"Vector2( 1, 14 )","rating":0,"room":"309","save_date":{"created":{"day":14,"dst":false,"hour":16,"minute":12,"month":11,"second":42,"weekday":0,"year":2021},"edited":"","saved":""},"schedule":[1,"Mardi","14","00"],"size":3,"subject":"Histoire Ancienne","teacher":"Lerouxel","type":"Travaux Dirigés","version":0.32}
{"color":"#971818","datetime":[],"duration":["1","30"],"id":"InitiationàlhistoireromaineTravauxDirigésbbb1530309","index":0,"is_displayed":false,"is_obligatory":false,"lesson":"Initiation à l'histoire romaine","lesson_code":"L1/ L2HI0112","position":"Vector2( 1, 17 )","rating":0,"room":"309","save_date":{"created":{"day":14,"dst":false,"hour":16,"minute":12,"month":11,"second":54,"weekday":0,"year":2021},"edited":"","saved":""},"schedule":[1,"Mardi","15","30"],"size":3,"subject":"Histoire Ancienne","teacher":"Lerouxel","type":"Travaux Dirigés","version":0.32}
