{"color":"#1e90ff","datetime":[],"duration":["1","00"],"id":"InitiationàlhistoiredumondemusulmanmédiévalCoursMagistralddd0900AmphiChaunu","index":1,"is_displayed":false,"is_obligatory":true,"lesson":"Initiation à l'histoire du monde musulman médiéval","lesson_code":"L1/ L2HI0126","position":"Vector2( 3, 4 )","rating":0,"room":"Amphi Chaunu","save_date":{"created":{"day":14,"dst":false,"hour":16,"minute":23,"month":11,"second":20,"weekday":0,"year":2021},"edited":"","saved":""},"schedule":[3,"Jeudi","09","00"],"size":2,"subject":"Histoire Médiévale","teacher":"TILLIER","type":"Cours Magistral","version":0.32}
{"color":"#1e90ff","datetime":[],"duration":["1","30"],"id":"InitiationàlhistoiredumondemusulmanmédiévalTravauxDirigésaaa0930321","index":0,"is_displayed":false,"is_obligatory":false,"lesson":"Initiation à l'histoire du monde musulman médiéval","lesson_code":"L1/ L2HI0126","position":"Vector2( 0, 5 )","rating":0,"room":"321","save_date":{"created":{"day":14,"dst":false,"hour":16,"minute":23,"month":11,"second":55,"weekday":0,"year":2021},"edited":"","saved":""},"schedule":[0,"Lundi","09","30"],"size":3,"subject":"Histoire Médiévale","teacher":"Kouri","type":"Travaux Dirigés","version":0.32}
{"color":"#1e90ff","datetime":[],"duration":["1","30"],"id":"InitiationàlhistoiredumondemusulmanmédiévalTravauxDirigésccc0900319","index":4,"is_displayed":false,"is_obligatory":false,"lesson":"Initiation à l'histoire du monde musulman médiéval","lesson_code":"L1/ L2HI0126","position":"Vector2( 2, 4 )","rating":0,"room":"319","save_date":{"created":{"day":14,"dst":false,"hour":16,"minute":24,"month":11,"second":23,"weekday":0,"year":2021},"edited":"","saved":""},"schedule":[2,"Mercredi","09","00"],"size":3,"subject":"Histoire Médiévale","teacher":"Berger","type":"Travaux Dirigés","version":0.32}
{"color":"#1e90ff","datetime":[],"duration":["1","30"],"id":"InitiationàlhistoiredumondemusulmanmédiévalTravauxDirigésccc1000319","index":6,"is_displayed":false,"is_obligatory":false,"lesson":"Initiation à l'histoire du monde musulman médiéval","lesson_code":"L1/ L2HI0126","position":"Vector2( 2, 6 )","rating":0,"room":"319","save_date":{"created":{"day":14,"dst":false,"hour":16,"minute":24,"month":11,"second":31,"weekday":0,"year":2021},"edited":"","saved":""},"schedule":[2,"Mercredi","10","00"],"size":3,"subject":"Histoire Médiévale","teacher":"Berger","type":"Travaux Dirigés","version":0.32}
{"color":"#1e90ff","datetime":[],"duration":["1","30"],"id":"InitiationàlhistoiredumondemusulmanmédiévalTravauxDirigésddd1130318","index":9,"is_displayed":false,"is_obligatory":false,"lesson":"Initiation à l'histoire du monde musulman médiéval","lesson_code":"L1/ L2HI0126","position":"Vector2( 3, 9 )","rating":0,"room":"318","save_date":{"created":{"day":14,"dst":false,"hour":16,"minute":24,"month":11,"second":51,"weekday":0,"year":2021},"edited":"","saved":""},"schedule":[3,"Jeudi","11","30"],"size":3,"subject":"Histoire Médiévale","teacher":"Bresc","type":"Travaux Dirigés","version":0.32}
{"color":"#1e90ff","datetime":[],"duration":["1","30"],"id":"InitiationàlhistoiredumondemusulmanmédiévalTravauxDirigésddd1400318","index":10,"is_displayed":false,"is_obligatory":false,"lesson":"Initiation à l'histoire du monde musulman médiéval","lesson_code":"L1/ L2HI0126","position":"Vector2( 3, 14 )","rating":0,"room":"318","save_date":{"created":{"day":14,"dst":false,"hour":16,"minute":25,"month":11,"second":3,"weekday":0,"year":2021},"edited":"","saved":""},"schedule":[3,"Jeudi","14","00"],"size":3,"subject":"Histoire Médiévale","teacher":"Bresc","type":"Travaux Dirigés","version":0.32}
